appA:app_4825, appB:app_2692, interfer:0, deployed:1
appA:app_2486, appB:app_4819, interfer:0, deployed:1
appA:app_5905, appB:app_4996, interfer:0, deployed:1
appA:app_3979, appB:app_8439, interfer:0, deployed:1
appA:app_6381, appB:app_4996, interfer:0, deployed:1
appA:app_7935, appB:app_8482, interfer:0, deployed:1
appA:app_7998, appB:app_8439, interfer:0, deployed:1
appA:app_1222, appB:app_8439, interfer:0, deployed:1
appA:app_6381, appB:app_3183, interfer:0, deployed:1
appA:app_6381, appB:app_6312, interfer:0, deployed:1
appA:app_4210, appB:app_3183, interfer:0, deployed:1
appA:app_2940, appB:app_7447, interfer:0, deployed:1
appA:app_1904, appB:app_7447, interfer:0, deployed:1
appA:app_8767, appB:app_7576, interfer:0, deployed:1
appA:app_5022, appB:app_3851, interfer:0, deployed:1
appA:app_6381, appB:app_4337, interfer:0, deployed:1
appA:app_1705, appB:app_1952, interfer:0, deployed:1
appA:app_7394, appB:app_7576, interfer:0, deployed:1
appA:app_5905, appB:app_1778, interfer:0, deployed:1
appA:app_5905, appB:app_4996, interfer:0, deployed:1
appA:app_9095, appB:app_5063, interfer:0, deployed:1
appA:app_4825, appB:app_5063, interfer:0, deployed:1
appA:app_8194, appB:app_9047, interfer:0, deployed:1
appA:app_8194, appB:app_1222, interfer:0, deployed:1
appA:app_4048, appB:app_3593, interfer:0, deployed:1
appA:app_4568, appB:app_6843, interfer:0, deployed:1
appA:app_3534, appB:app_6474, interfer:0, deployed:1
appA:app_3349, appB:app_7447, interfer:0, deployed:1
appA:app_5905, appB:app_1778, interfer:0, deployed:1
appA:app_4825, appB:app_6442, interfer:0, deployed:1
appA:app_5905, appB:app_4996, interfer:0, deployed:1
appA:app_6381, appB:app_3183, interfer:0, deployed:1
appA:app_4825, appB:app_7113, interfer:0, deployed:1
appA:app_4825, appB:app_7113, interfer:0, deployed:1
appA:app_1195, appB:app_6757, interfer:0, deployed:1
appA:app_572, appB:app_4386, interfer:0, deployed:1
appA:app_9093, appB:app_28, interfer:0, deployed:1
appA:app_3780, appB:app_28, interfer:0, deployed:1
appA:app_4825, appB:app_2692, interfer:0, deployed:1
appA:app_7443, appB:app_5457, interfer:0, deployed:1
appA:app_2964, appB:app_2178, interfer:0, deployed:1
appA:app_4825, appB:app_3199, interfer:1, deployed:2
appA:app_4825, appB:app_1952, interfer:0, deployed:1
appA:app_8194, appB:app_3994, interfer:0, deployed:1
appA:app_4825, appB:app_4085, interfer:0, deployed:1
appA:app_8194, appB:app_6393, interfer:0, deployed:1
appA:app_8194, appB:app_3355, interfer:0, deployed:1
appA:app_2910, appB:app_7576, interfer:0, deployed:1
appA:app_7289, appB:app_3112, interfer:0, deployed:1
appA:app_7289, appB:app_3637, interfer:0, deployed:1
appA:app_5418, appB:app_2347, interfer:0, deployed:1
appA:app_6659, appB:app_7447, interfer:0, deployed:1
appA:app_8324, appB:app_2018, interfer:0, deployed:1
appA:app_1405, appB:app_1952, interfer:0, deployed:1
appA:app_2486, appB:app_5063, interfer:0, deployed:1
appA:app_5022, appB:app_3851, interfer:0, deployed:1
appA:app_7085, appB:app_4819, interfer:0, deployed:1
appA:app_4825, appB:app_2692, interfer:0, deployed:1
appA:app_5366, appB:app_2710, interfer:0, deployed:1
appA:app_2486, appB:app_7576, interfer:0, deployed:1
appA:app_4825, appB:app_1952, interfer:0, deployed:1
appA:app_3210, appB:app_1952, interfer:0, deployed:1
appA:app_9163, appB:app_5457, interfer:0, deployed:1
appA:app_1391, appB:app_3286, interfer:0, deployed:1
appA:app_5490, appB:app_1952, interfer:0, deployed:1
appA:app_8172, appB:app_6956, interfer:0, deployed:1
appA:app_782, appB:app_4301, interfer:0, deployed:1
appA:app_1153, appB:app_4301, interfer:0, deployed:1
appA:app_1437, appB:app_2692, interfer:0, deployed:1
appA:app_4039, appB:app_5063, interfer:0, deployed:1
appA:app_5366, appB:app_4819, interfer:0, deployed:1
appA:app_5028, appB:app_4996, interfer:0, deployed:1
appA:app_4825, appB:app_6312, interfer:0, deployed:1
appA:app_1778, appB:app_5063, interfer:0, deployed:1
appA:app_3343, appB:app_1952, interfer:0, deployed:1
appA:app_1405, appB:app_1952, interfer:0, deployed:1
appA:app_9049, appB:app_5063, interfer:0, deployed:1
appA:app_6381, appB:app_3183, interfer:0, deployed:1
appA:app_800, appB:app_6911, interfer:0, deployed:1
appA:app_1153, appB:app_5764, interfer:0, deployed:1
appA:app_5366, appB:app_2710, interfer:0, deployed:1
appA:app_3414, appB:app_6335, interfer:0, deployed:1
appA:app_4825, appB:app_6442, interfer:0, deployed:1
appA:app_5022, appB:app_6442, interfer:0, deployed:1
appA:app_5165, appB:app_6554, interfer:0, deployed:1
appA:app_7733, appB:app_8439, interfer:0, deployed:1
appA:app_7217, appB:app_4386, interfer:0, deployed:1
appA:app_1705, appB:app_1952, interfer:0, deployed:1
appA:app_7935, appB:app_6491, interfer:0, deployed:1
appA:app_782, appB:app_9307, interfer:0, deployed:1
appA:app_7394, appB:app_7576, interfer:0, deployed:1
appA:app_8194, appB:app_3994, interfer:0, deployed:1
appA:app_2850, appB:app_2710, interfer:0, deployed:1
appA:app_4825, appB:app_1952, interfer:0, deployed:1
appA:app_1391, appB:app_3286, interfer:0, deployed:1
appA:app_4698, appB:app_7447, interfer:0, deployed:1
appA:app_6734, appB:app_7447, interfer:0, deployed:1
appA:app_9095, appB:app_1952, interfer:0, deployed:1
appA:app_4085, appB:app_3271, interfer:0, deployed:1
appA:app_3494, appB:app_2692, interfer:0, deployed:1
appA:app_3494, appB:app_2692, interfer:0, deployed:1
appA:app_4825, appB:app_1952, interfer:0, deployed:2
appA:app_4825, appB:app_1952, interfer:0, deployed:1
appA:app_1072, appB:app_8439, interfer:0, deployed:1
appA:app_1391, appB:app_5633, interfer:0, deployed:1
appA:app_4825, appB:app_4085, interfer:0, deployed:1
appA:app_2904, appB:app_7447, interfer:0, deployed:1
appA:app_2767, appB:app_6554, interfer:0, deployed:1
appA:app_7067, appB:app_7447, interfer:0, deployed:1
appA:app_6381, appB:app_9283, interfer:0, deployed:1
appA:app_8347, appB:app_5063, interfer:0, deployed:1
appA:app_3526, appB:app_5063, interfer:0, deployed:1
appA:app_4825, appB:app_3875, interfer:0, deployed:1
appA:app_3210, appB:app_5438, interfer:0, deployed:1
appA:app_2353, appB:app_6156, interfer:0, deployed:1
appA:app_1391, appB:app_8732, interfer:0, deployed:1
appA:app_6597, appB:app_5881, interfer:0, deployed:1
appA:app_1391, appB:app_1343, interfer:0, deployed:1
appA:app_7889, appB:app_7447, interfer:0, deployed:1
appA:app_7733, appB:app_7447, interfer:0, deployed:1
appA:app_6381, appB:app_9283, interfer:0, deployed:1
appA:app_4825, appB:app_5063, interfer:0, deployed:1
appA:app_6880, appB:app_5063, interfer:0, deployed:1
appA:app_626, appB:app_393, interfer:0, deployed:1
appA:app_4749, appB:app_5063, interfer:0, deployed:1
appA:app_4825, appB:app_1952, interfer:0, deployed:1
appA:app_3250, appB:app_5063, interfer:0, deployed:1
appA:app_7155, appB:app_5063, interfer:0, deployed:1
appA:app_2980, appB:app_5764, interfer:0, deployed:1
appA:app_6269, appB:app_5063, interfer:0, deployed:1
appA:app_3526, appB:app_5063, interfer:0, deployed:1
appA:app_1592, appB:app_5063, interfer:0, deployed:1
appA:app_9095, appB:app_5063, interfer:0, deployed:1
appA:app_3027, appB:app_2692, interfer:0, deployed:1
appA:app_4825, appB:app_1952, interfer:0, deployed:1
appA:app_5418, appB:app_5063, interfer:0, deployed:1
appA:app_4825, appB:app_5063, interfer:0, deployed:1
appA:app_7935, appB:app_5063, interfer:0, deployed:1
